,customer_id,prediction,probability
6114,8659-HDIYE,No,0.20147190188744843
1447,2137-DQMEV,No,0.0661344221879912
6379,9039-ZVJDC,No,0.2023566816244322
1015,1465-WCZVT,No,0.1599296132119582
1852,2688-BHGOG,Yes,0.6899750421264783
2366,3391-JSQEW,No,0.15350137260076407
6197,8766-PAFNE,No,0.015775045603410524
4828,6797-LNAQX,No,0.10463270551012412
3261,4661-NJEUX,No,0.3643096996644082
4710,6635-CPNUN,No,0.3224513711059058
2585,3696-DFHHB,No,0.005819789798211674
3921,5519-TEEUH,No,0.029338107586912368
1736,2525-GVKQU,No,0.018438027693617878
834,1216-BGTSP,No,0.3223459035165081
6753,9586-JGQKH,No,0.10147326618632274
6490,9199-PWQVC,No,0.09501520890361405
6942,9845-QOMAD,No,0.025716630720777425
342,0508-OOLTO,Yes,0.6483678064545617
5504,7750-EYXWZ,No,0.18010396174588286
6947,9851-KIELU,No,0.4020652011082889
658,0962-CQPWQ,No,0.001342757987137429
4577,6458-CYIDZ,No,0.4515344611017329
962,1395-WSWXR,No,0.017836799356897713
870,1264-FUHCX,No,0.17422867274265838
4085,5774-QPLTF,No,0.02787609510879565
482,0702-PGIBZ,Yes,0.6747704825932834
6633,9430-FRQOC,Yes,0.5265804927175047
5024,7061-OVMIM,No,0.026054400796194973
3253,4654-DLAMQ,No,0.1407880716716134
6445,9127-FHJBZ,No,0.052839489627246994
887,1293-HHSHJ,No,0.014668195498328039
6205,8777-PVYGU,No,0.07465528446137738
5336,7537-RBWEA,Yes,0.517778812700604
1841,2675-IJRGJ,No,0.006878556566038049
2961,4229-CZMLL,Yes,0.6482249073981303
3063,4385-GZQXV,Yes,0.5573973553605253
319,0475-RIJEP,No,0.4861831200912841
6852,9734-UYXQI,Yes,0.5060123370140317
4769,6712-OAWRH,Yes,0.5659474798029701
1082,1575-KRZZE,No,0.39711144163909523
5795,8160-HOWOX,No,0.4088257510618555
5571,7851-FLGGQ,No,0.4373099993352065
4075,5756-JYOJT,No,0.15041697238104615
4770,6713-OKOMC,No,0.2261761482710364
4927,6933-FHBZC,No,0.14492449929351567
5907,8314-HTWVE,No,0.0176034913298677
5691,8017-UVSZU,No,0.15802213088486186
6267,8869-TORSS,No,0.06843533716251143
6962,9878-TNQGW,Yes,0.7484300581144534
4127,5837-LXSDN,No,0.16672509478589248
904,1319-YLZJG,No,0.4527204822511541
772,1122-YJBCS,No,0.039976291373638694
5352,7560-QRBXH,No,0.03420438116654421
1107,1619-YWUBB,No,0.021562014929186638
6055,8580-QVLOC,No,0.015904746022677278
1552,2265-CYWIV,Yes,0.6343866910897762
5028,7067-KSAZT,No,0.2488935702751796
1949,2826-UWHIS,No,0.2973297288677822
564,0829-XXPLX,No,0.39598791574733316
4552,6416-YJTTB,No,0.4155101739627095
417,0618-XWMSS,No,0.2790646203709162
5634,7941-RCJOW,No,0.020205200975210662
89,0141-YEAYS,No,0.44796481058924603
5173,7274-RTAPZ,Yes,0.7842710666403531
6492,9206-GVPEQ,No,0.31712045757702817
958,1391-UBDAR,No,0.4753800038310947
6288,8898-KASCD,No,0.09619176329704475
5296,7480-QNVZJ,Yes,0.6187678002285496
4265,6005-OBZPH,Yes,0.5915446461659972
3568,5056-FIMPT,No,0.2561251505792189
4553,6418-HNFED,No,0.01819587997171693
6079,8619-IJNDK,No,0.011369323510962941
1727,2519-ERQOJ,No,0.3417306194709246
5698,8029-XYPWT,No,0.0608492908846816
3910,5501-TVMGM,Yes,0.5890804196236548
5405,7615-ESMYF,Yes,0.5592811470690678
3518,4988-IQIGL,Yes,0.8071170341938463
6597,9374-YOLBJ,No,0.19881388777739556
1680,2452-KDRRH,No,0.43080590371725186
1734,2522-WLNSF,No,0.09133028878272191
3881,5453-YBTWV,No,0.032904373316068755
3392,4821-WQOYN,No,0.009032264149991438
3869,5443-SCMKX,No,0.2655704510851598
3102,4450-DLLMH,Yes,0.611096061399122
4356,6140-QNRQQ,Yes,0.7186496805412586
662,0969-RGKCU,No,0.0031629850045036033
5699,8033-ATFAS,No,0.2090509457833616
1699,2476-YGEFM,No,0.4262130548063384
3164,4537-DKTAL,No,0.4796769760062895
5762,8104-OSKWT,No,0.49023999077724056
2726,3878-AVSOQ,Yes,0.7757388086189444
6024,8515-OCTJS,No,0.010019878378490759
1979,2863-IMQDR,No,0.045845389202237345
5683,8008-HAWED,No,0.48213995898737955
2268,3244-CQPHU,No,0.06299868651415592
3832,5383-MMTWC,Yes,0.7319412750286254
2444,3503-TYDAY,No,0.38936486252592134
2199,3148-BLQJT,No,0.3072045888078492
3774,5312-IRCFR,No,0.218165082093617
6665,9481-SFCQY,No,0.2819295063680652
3704,5213-TWWJU,No,0.33351567384925823
943,1363-TXLSL,Yes,0.7577833175561441
4985,7010-ZMVBF,No,0.08044852229530598
2775,3948-XHGNA,No,0.17945510195600733
3743,5274-XHAKY,No,0.3272415867725675
5537,7798-JVXYM,No,0.34843922198248545
612,0897-FEGMU,Yes,0.68245465059401
4061,5726-CVNYA,No,0.04229617197278234
1795,2621-UDNLU,No,0.16976736641191376
2335,3345-JHUEO,No,0.17835533824804706
959,1393-IMKZG,Yes,0.6377834723426543
6949,9853-JFZDU,No,0.175382350711717
5852,8225-BTJAU,Yes,0.6933083754598114
7033,9975-SKRNR,No,0.3072045888078492
4205,5939-SXWHM,No,0.004067389453563109
3037,4349-GFQHK,Yes,0.5348590646034391
1147,1689-MRZQR,No,0.42481158930173124
666,0973-KYVNF,No,0.008630201887307254
5366,7576-OYWBN,Yes,0.7552336412936466
201,0318-QUUOB,Yes,0.7557487902758002
1713,2495-TTHBQ,No,0.08192783221478692
5283,7459-IMVYU,No,0.17999905975583808
5676,7998-WNZEM,No,0.006687507181695124
1432,2108-YKQTY,No,0.36382623011864446
5847,8221-HVAYI,No,0.042019447955536714
4402,6204-IEUXJ,Yes,0.5021550007233675
1060,1548-FEHVL,No,0.3288513277839705
4041,5696-QURRL,No,0.46766885790076934
6151,8714-CTZJW,Yes,0.6206081754663405
5638,7950-XWOVN,No,0.2832618493786032
6136,8695-ARGXZ,Yes,0.5471619637632934
3512,4980-URKXC,No,0.016236073502833997
1074,1565-RHDJD,Yes,0.5497930463250928
4463,6292-TOSSS,No,0.012210907080112693
4380,6174-NRBTZ,No,0.0769737242968244
402,0599-XNYDO,No,0.424735393806532
3624,5136-GFPMB,No,0.3343232181805343
787,1143-NMNQJ,Yes,0.757539907882177
3549,5028-GZLDO,Yes,0.5476032255941665
2869,4086-YQSNZ,Yes,0.6952310329716993
4444,6261-LHRTG,No,0.24809611057861466
1555,2267-FPIMA,No,0.3043802962734599
5289,7470-DYNOE,No,0.14999636750266326
729,1075-BGWOH,Yes,0.6757309564544975
4419,6230-BSUXY,Yes,0.7706794516927143
159,0259-GBZSH,Yes,0.7559675022367357
4379,6173-ITPWD,No,0.3414096964004414
3301,4707-MAXGU,No,0.009442280500706642
5718,8051-HJRLT,Yes,0.7757388086189444
5223,7351-MHQVU,No,0.28721988583419444
4037,5693-PIPCS,No,0.09922256108073181
3469,4915-BFSXL,No,0.022823263056080716
306,0454-OKRCT,No,0.10016303911545582
4665,6583-KQJLK,Yes,0.6163571898127187
1278,1898-JSNDC,No,0.12231061582982536
6053,8577-QSOCG,No,0.025955298273697268
4090,5780-INQIK,No,0.35712097068405546
1292,1925-LFCZZ,No,0.19524008289951855
2058,2961-VNFKL,No,0.021562014929186638
7004,9938-TKDGL,No,0.09296241072843818
5891,8286-AFUYI,No,0.4760938222235881
5061,7114-AEOZE,No,0.009894841295684848
4256,5996-DAOQL,No,0.3643096996644082
6639,9441-QHEVC,No,0.3072045888078492
4282,6032-IGALN,Yes,0.517778812700604
231,0357-NVCRI,No,0.08594493623582947
1747,2545-LXYVJ,No,0.0054127275388169225
4526,6376-GAHQE,Yes,0.5980196222942038
3866,5442-PPTJY,No,0.006460132355772854
5611,7901-TBKJX,Yes,0.5571667650621382
6111,8651-ENBZX,No,0.2798499030980885
5179,7284-BUYEC,No,0.405995150509614
5189,7299-GNVPL,No,0.2145639416010576
1123,1641-BYBTK,No,0.13094608834834603
1749,2550-AEVRU,No,0.09141744864287041
5386,7599-FKVXZ,No,0.36694137991098236
6092,8630-FJLIB,Yes,0.5218666798649008
3700,5206-XZZQI,No,0.19534257557076273
691,1023-BQXZE,No,0.03492438909114735
2883,4111-BNXIF,No,0.09830177154701111
4349,6131-JLWZM,No,0.15240205123016937
4679,6599-RCLCJ,No,0.4350870692738173
3607,5119-NZPTV,Yes,0.6346530580030824
4809,6766-HFKLA,No,0.10241783159205159
60,0104-PPXDV,No,0.04952874799165545
5560,7826-VVKWT,No,0.23032904055461556
122,0214-JHPFW,No,0.020052532022198408
1748,2546-KZAAT,No,0.13216732520295318
6207,8779-QRDMV,Yes,0.7324677502842065
4675,6598-KELSS,No,0.09235220276087695
2038,2931-VUVJN,No,0.20266028267439368
5803,8168-UQWWF,Yes,0.6278060883887333
5455,7673-LPRNY,No,0.1475062783065261
3367,4801-JZAZL,No,0.31290014864132526
1609,2346-CZYIL,No,0.0026943501565561863
3842,5394-SVGJV,No,0.2935408358790928
1506,2209-XADXF,No,0.4373453153140654
5527,7781-HVGMK,No,0.004261900767504116
5343,7549-MYGPK,No,0.33333810588743157
1308,1941-HOSAM,Yes,0.7262945376413806
3659,5171-EPLKN,No,0.0026943501565561863
2559,3658-KIBGF,No,0.4858475516887328
4701,6625-IUTTT,No,0.028413976320604262
6384,9050-IKDZA,Yes,0.6693212813076143
4190,5918-VUKWP,No,0.02670568098353811
1427,2103-ZRXFN,No,0.45493565546675585
5979,8433-WPJTV,No,0.18948382625067364
2146,3079-BCHLN,No,0.016973252990013482
4695,6620-HVDUJ,No,0.12808841004434993
3671,5177-RVZNU,No,0.03683296094541863
22,0027-KWYKW,Yes,0.5102570506266314
3350,4778-IZARL,No,0.04732980713107146
3501,4957-TREIR,No,0.34607233921200553
3555,5038-ETMLM,No,0.02342079824645327
5685,8010-EZLOU,Yes,0.662476883183071
3300,4706-DGAHW,Yes,0.6188649067451177
2615,3724-BSCVH,No,0.03580237822426462
1633,2373-NTKOD,No,0.4068191272355133
679,0999-QXNSA,No,0.32998810750110275
7015,9953-ZMKSM,No,0.02284606787530957
4621,6516-NKQBO,No,0.04410853913168842
5568,7845-URHJN,No,0.1741364710551583
3461,4906-ZHGPK,No,0.13543063975451916
473,0690-SRQID,No,0.18613895150661594
6641,9443-JUBUO,No,0.007024170207654129
3464,4910-AQFFX,Yes,0.5372352792180228
4150,5868-YTYKS,No,0.30648470367023134
389,0576-WNXXC,Yes,0.5583836030176963
1820,2657-ALMWY,No,0.436348779671927
2720,3870-SPZSI,No,0.028579500510111537
1649,2397-BRLOM,Yes,0.5284637954683966
2669,3794-NFNCH,No,0.18122574547566356
5206,7321-ZNSLA,No,0.040449046881046745
2245,3208-YPIOE,No,0.3812074768463403
4518,6368-NWMCE,No,0.2116986839425369
6706,9524-EGPJC,Yes,0.5237093085171466
1928,2804-ETQDK,No,0.023442242288030542
4718,6647-ZEDXT,No,0.23597750648445617
6599,9378-FXTIZ,No,0.13276866487336483
3272,4676-MQUEA,No,0.15774819221197733
440,0643-OKLRP,No,0.3741045765290742
971,1403-GYAFU,No,0.0018276399161529448
453,0666-UXTJO,No,0.36820512470847366
4842,6823-SIDFQ,No,0.009020007538629853
3616,5130-IEKQT,No,0.4345304668649742
1378,2040-OBMLJ,No,0.12561234909909694
6167,8735-IJJEG,No,0.22892599090089838
3105,4451-RWASJ,No,0.042540203758088674
1538,2249-YPRNG,No,0.43089243332149496
6436,9112-WSNPU,No,0.422224630296644
5511,7762-ONLJY,No,0.06443427928171316
2235,3195-TQDZX,No,0.18771379875755914
3273,4676-WLUHT,No,0.044461762091084225
2373,3398-ZOUAA,Yes,0.5169402080966554
5936,8372-JUXUI,Yes,0.7218086193018913
4574,6447-GORXK,No,0.23313558397260314
4000,5644-PDMZC,Yes,0.6508151941438117
1586,2311-QYMUQ,No,0.3801558929868491
2611,3721-CNZHX,No,0.023807480450045593
6456,9137-UIYPG,No,0.39509728780711506
5485,7721-DVEKZ,No,0.2982401435059536
719,1061-PNTHC,No,0.27415634714987513
3167,4544-RXFMG,No,0.15689061073375832
3993,5628-RKIFK,No,0.4323228821868602
3631,5143-WMWOG,No,0.23582384873450699
2429,3474-BAFSJ,No,0.026510033338708584
5434,7647-GYYKX,No,0.009628956624240369
596,0872-JCPIB,No,0.16203534003528133
1994,2880-FPNAE,Yes,0.6845703846263137
2698,3838-OZURD,No,0.3827672116590835
1191,1755-FZQEC,No,0.017426358745391227
5900,8309-IEYJD,Yes,0.7230594666323872
2364,3389-KTRXV,No,0.012728317003488254
1854,2691-NZETQ,Yes,0.6283784630526442
4275,6022-UGGSO,No,0.4834055981449362
2794,3976-HXHCE,No,0.01597599145873156
6467,9152-AMKAK,No,0.05540733669637991
3234,4632-PAOYU,No,0.01809917491994067
2601,3716-BDVDB,Yes,0.7732434562234677
3957,5569-KGJHX,Yes,0.5266556595640486
2944,4195-NZGTA,Yes,0.6123025982340041
549,0811-GSDTP,No,0.33763693304975534
4996,7021-XSNYE,No,0.06040022241393061
781,1136-XGEQU,No,0.11225027945895588
4691,6616-AALSR,No,0.053596284190626786
5313,7504-UWHNB,No,0.4107566497999786
2652,3768-NLUBH,No,0.4304676860223157
2249,3212-KXOCR,No,0.006878556566038049
1177,1730-ZMAME,Yes,0.5191819182470274
4492,6339-TBELP,No,0.07110847763818381
3269,4672-FOTSD,No,0.3089695087287947
2683,3807-BPOMJ,No,0.27213199604799343
3382,4816-JBHOV,Yes,0.6305119068465435
1037,1498-NHTLT,No,0.06600947482164007
2580,3688-FTHLT,No,0.2669780019135078
4346,6128-DAFVY,No,0.2677799248566806
1591,2320-TZRRH,No,0.01904730422679573
912,1328-EUZHC,No,0.00825342682983415
2947,4198-VFOEA,No,0.11921558789223027
1987,2873-ZLIWT,No,0.40406721568730647
6448,9129-UXERG,No,0.42883270513608457
1901,2761-XECQW,No,0.35589646338200853
3742,5271-YNWVR,No,0.06280814301341402
3911,5502-RLUYV,No,0.4319178904751916
2262,3230-WYKIR,No,0.16524335774890708
3298,4704-ERYFC,No,0.49018994817330175
594,0871-URUWO,Yes,0.5600262196888368
1652,2400-XIWIO,No,0.04523694080396786
3709,5219-YIPTK,Yes,0.5256169157144898
6321,8947-YRTDV,No,0.18400449140558084
616,0902-RFHOF,No,0.017426358745391227
2413,3452-SRFEG,No,0.3677723496122454
4956,6979-ZNSFF,Yes,0.6454397791282881
5587,7868-TMWMZ,No,0.05313672960525162
5618,7916-VCCPB,No,0.40527449158660395
966,1399-UBQIU,No,0.4184294069230124
548,0810-DHDBD,No,0.06408026443875857
152,0254-FNMCI,No,0.09125888191471734
2805,3990-QYKBE,Yes,0.6216226931084857
5395,7605-SNLQG,No,0.20138930849463343
1271,1891-FZYSA,No,0.4723297809459935
5679,8003-EWNDZ,No,0.15918650245167806
5318,7511-YMXVQ,No,0.4807067302766502
3172,4548-SDBKE,Yes,0.700553640868804
6261,8859-YSTWS,No,0.03209764831048522
5121,7206-GZCDC,Yes,0.7757388086189444
2576,3680-CTHUH,No,0.24506799412381886
6505,9227-UAQFT,No,0.02389401616063864
2945,4195-PNGZS,No,0.0013338018328682246
5194,7310-EGVHZ,No,0.2685886757219403
553,0816-TSPHQ,No,0.17753129123777345
6088,8626-XHBIE,No,0.03656493780460608
163,0265-EDXBD,Yes,0.5577643563273751
6221,8799-OXZMD,No,0.22449022222662948
2391,3420-ZDBMA,Yes,0.6240252371676223
5250,7398-SKNQZ,Yes,0.7038661176261114
1705,2481-SBOYW,No,0.01918036270748552
2623,3733-LSYCE,No,0.4496994340352795
4588,6474-FVJLC,Yes,0.7659476113072433
1110,1623-NLDOT,No,0.1068258232662434
3534,5014-WUQMG,No,0.20564246065576555
1893,2749-CTKAJ,No,0.01809917491994067
5120,7205-BAIAD,No,0.013051105666587026
5723,8059-UDZFY,No,0.475005143347343
318,0471-LVHGK,No,0.16026231498563706
2488,3565-UNOCC,Yes,0.5402747051416183
784,1140-UKVZG,No,0.08285954409396477
1917,2792-LSHWX,No,0.49862125825246084
6939,9842-EFSYY,No,0.35612073919305925
327,0486-HECZI,No,0.4059929073219967
4014,5655-JSMZM,Yes,0.6189606814214308
3217,4614-NUVZD,Yes,0.7814241647993418
5335,7537-CBQUZ,No,0.3558918245985502
3311,4716-MRVEN,No,0.014632622375798392
3547,5027-XWQHA,No,0.4158157485015478
6502,9224-VTYID,No,0.028652350303713395
3198,4583-PARNH,Yes,0.5262810230441763
2732,3889-VWBID,No,0.039803389358689885
6570,9342-VNIMQ,No,0.18351316088739325
989,1432-FPAXX,No,0.29577210649282226
1402,2074-GKOWZ,Yes,0.6685274733619921
1264,1866-ZSLJM,No,0.06793578638254379
4326,6103-BOCOU,Yes,0.5246116084062603
4566,6437-UDQJM,No,0.030888997514606848
2320,3318-NMQXL,Yes,0.7565517970102986
205,0320-JDNQG,No,0.3556777478677395
2826,4016-BJKTZ,No,0.14627257655388473
6974,9896-UYMIE,No,0.2505800499836141
811,1183-CANVH,No,0.07345873441033784
6913,9814-AOUDH,No,0.0032499057121117415
1214,1791-PQHBB,No,0.37790563498354074
2393,3422-LYEPQ,Yes,0.7026582165941591
6483,9178-JHUVJ,No,0.01912443309333394
1743,2538-OIMXF,No,0.43893364803048707
6078,8617-ENBDS,Yes,0.5897260520990636
3853,5419-JKZNQ,No,0.34805894365068263
2123,3050-RLLXC,No,0.026019148840684903
6945,9848-JQJTX,No,0.12169576978960289
4571,6440-DKQGE,No,0.07854143569452927
735,1085-LDWAM,No,0.010581244158786966
584,0859-YGKFW,No,0.026809205390826298
6530,9272-LSVYH,No,0.4723005959982218
1995,2882-DDZPG,No,0.1880735829343954
4784,6728-WYQBC,No,0.2685886757219403
6596,9373-WSLOY,No,0.31240079733669346
5525,7780-OTDSO,Yes,0.5136593957706311
2234,3194-ORPIK,No,0.35231409723016394
4051,5707-ORNDZ,No,0.3749930797377501
334,0491-KAPQG,Yes,0.574594599026822
4821,6778-JFCMK,No,0.15179509671393063
6621,9408-SSNVZ,Yes,0.6678568278713122
849,1229-RCALF,No,0.24716632152863866
5675,7997-EASSD,No,0.09899510650756714
5483,7718-RXDGG,Yes,0.5282365518352516
6245,8835-VSDSE,Yes,0.6726964719652799
5221,7349-ALMUX,No,0.04417977427202311
1528,2235-ZGKPT,No,0.34816339945395186
4130,5842-POCOP,Yes,0.5149525904167178
6273,8878-HMWBV,Yes,0.548037173796679
6933,9837-BMCLM,Yes,0.7298394325891024
3571,5060-TQUQN,No,0.20444541169371486
3791,5331-RGMTT,No,0.4742369731792799
5047,7100-FQPRV,No,0.09922484155128808
5284,7459-RRWQZ,No,0.23793224251017364
6158,8722-PRFDV,No,0.012528870747909643
1517,2228-BZDEE,No,0.012493272750003908
4181,5913-INRQV,No,0.16547949576664603
3159,4530-NDRKU,No,0.0652176815750499
6887,9780-FKVVF,No,0.20753466734531265
1102,1602-IJQQE,Yes,0.6361272424130365
1217,1794-SWWKL,No,0.20394607444279247
294,0432-CAJZV,Yes,0.6297995811800778
3361,4795-UXVCJ,No,0.009020007538629853
880,1271-UODNO,No,0.05895792193871824
257,0383-CLDDA,No,0.01703788748435315
5078,7136-IHZJA,No,0.11237989778577155
6,0013-SMEOE,No,0.034996985543749574
2699,3841-CONLJ,Yes,0.5868732176397997
3380,4815-TUMEQ,No,0.0439169562058045
4348,6131-IUNXN,No,0.0788359180320993
710,1047-NNCBF,No,0.3114011858968603
1846,2680-XKKNJ,No,0.11049695672832366
7026,9970-QBCDA,No,0.1359373058312785
4712,6637-KYRCV,No,0.4590514719425584
5686,8012-SOUDQ,Yes,0.5396304980926098
4229,5968-HYJRZ,No,0.009381762274326792
4570,6439-PKTRR,No,0.0319619383379657
1365,2027-FECZV,Yes,0.6286933904437939
6750,9581-GVBXT,No,0.058383821696345796
3850,5406-KGRMX,No,0.03605506663954928
4421,6233-HXJMX,No,0.4326729764814604
1791,2615-YVMYX,No,0.34206293779172114
5775,8124-NZVGJ,No,0.2725220021163856
2379,3407-JMJQQ,No,0.047643457010246214
5246,7395-XWZOY,No,0.2578297321507719
2661,3780-DDGSE,No,0.22512246023796748
2558,3657-COGMW,No,0.4063364327714414
4056,5712-PTIWW,Yes,0.5246307261221655
2901,4132-POCZS,No,0.27432760021516633
4639,6546-OPBBH,No,0.03035265367288593
4119,5828-AVIPD,No,0.31068826928329424
4578,6461-PPAXN,No,0.08425478505073453
4544,6407-GSJNL,No,0.00898352447773009
3262,4662-EKDPQ,No,0.382174181270567
3860,5438-QMDDL,No,0.17444586039984192
2102,3014-WJKSM,No,0.31432631950418716
6534,9278-VZKCD,No,0.4268354621272252
4355,6139-ZZRBQ,No,0.015922033964786565
767,1116-DXXDF,No,0.17373623894532952
2930,4184-TJFAN,Yes,0.5376433400480928
5365,7576-JMYWV,No,0.357654930270128
5457,7675-OZCZG,Yes,0.5626694396577407
4968,6992-TKNYO,No,0.1082786404243417
4740,6681-ZSEXG,No,0.023708224554594395
4930,6941-KXRRV,No,0.17848059045187514
1137,1670-SVOWZ,No,0.3829713462057729
2441,3498-LZGQZ,No,0.018180797268922345
2534,3629-WEAAM,No,0.27631655313328163
3485,4936-YPJNK,No,0.14332160696525187
13,0019-EFAEP,No,0.04752153358320274
2127,3057-VJJQE,No,0.04603373896219755
6037,8552-OBVRU,No,0.39182348067407013
1383,2045-BMBTJ,No,0.3176315487975275
2514,3594-BDSOA,No,0.010716966287834076
3488,4940-KHCWD,No,0.02766629413677552
3397,4824-GUCBY,No,0.36925340938231893
1688,2460-NGXBJ,Yes,0.5317777604547956
829,1212-GLHMD,Yes,0.5202339756171668
5330,7527-QNRUS,No,0.03206241455693184
5896,8294-UIMBA,No,0.2908997301227808
774,1131-ALZWV,No,0.04682630501862964
274,0404-SWRVG,Yes,0.7206971320825563
3460,4905-JEFDW,No,0.2563757479450624
1894,2750-BJLSB,No,0.2862910240157143
3099,4445-KWOKW,No,0.07840262197934612
4592,6478-HRRCZ,No,0.09069102392475159
1973,2856-NNASM,No,0.4725327967644838
4717,6646-VRFOL,Yes,0.5637062292479876
6166,8735-DCXNF,No,0.20454295775726256
2358,3374-TTZTK,No,0.10913415231823881
92,0148-DCDOS,Yes,0.5205386802509931
3487,4939-KYYPY,No,0.215997870629113
1257,1855-CFULU,No,0.17651232730625493
2396,3424-NMNBO,No,0.23517721359559207
4759,6698-OXETB,No,0.026338113944456388
6788,9633-XQABV,Yes,0.6909986206738569
4213,5949-EBSQK,No,0.29456614707151046
5802,8167-GJLRN,No,0.46200596933298704
985,1429-UYJSV,No,0.022774360045037776
6733,9564-KCLHR,No,0.3636218079132718
4540,6400-BWQKW,No,0.4962390160320729
1931,2806-MLNTI,No,0.2501212973161391
2205,3161-GETRM,No,0.3907249066636236
5599,7880-XSOJX,No,0.29274937339845475
2276,3254-YRILK,Yes,0.6197235445296186
6826,9696-RMYBA,Yes,0.6474524951757529
5649,7964-ZRKKG,No,0.17144471553385413
3508,4973-MGTON,No,0.0049299455824754175
4761,6701-YVNQG,No,0.004181291569462923
6257,8854-CCVSQ,Yes,0.5753230845506523
4631,6532-YLWSI,No,0.013294076987234811
1694,2469-DTSGX,No,0.08286445116162454
6067,8597-CWYHH,No,0.2717145609949552
4949,6968-MHOMU,No,0.1450754551245325
6847,9728-FTTVZ,Yes,0.7668457674914432
5553,7817-OMJNA,No,0.04116512973515442
1168,1723-HKXJQ,Yes,0.5667875646726902
404,0602-DDUML,No,0.02119211649786312
1536,2243-FNMMI,No,0.10490577718113647
5042,7089-RKVSZ,No,0.042796908504480785
6118,8663-UPDGF,No,0.18556957201982027
5604,7892-POOKP,No,0.4800924629663704
4203,5935-FCCNB,Yes,0.6509085777945758
3149,4521-YEEHE,No,0.4797592896576206
2646,3758-CKOQL,No,0.17180317061257952
1412,2081-KJSQF,No,0.3643096996644082
1097,1597-FZREH,No,0.3909031380440489
3165,4538-WNTMJ,No,0.024881782249201245
1610,2346-DJQTB,No,0.27308283056465316
4437,6257-DTAYD,No,0.09113310851132204
3315,4719-UMSIY,No,0.10674508796864084
2303,3296-SILRA,Yes,0.6447207193557852
3971,5593-SUAOO,No,0.1492690591463357
6867,9755-JHNMN,No,0.026921878805552902
6966,9885-CSMWE,Yes,0.7453388634335799
1122,1640-PLFMP,Yes,0.7668457674914432
3396,4822-YCXMX,Yes,0.5918122495960946
4845,6828-HMKWP,No,0.008653505565502241
1969,2851-MMUTZ,No,0.16068639327713855
1003,1452-UZOSF,No,0.016856957008490134
838,1219-NNDDO,Yes,0.6066563121294134
5072,7130-VTEWQ,Yes,0.6877888119943711
1818,2656-FMOKZ,Yes,0.5595885577571807
5444,7663-YJHSN,No,0.02081069617693303
190,0306-JAELE,Yes,0.5898657705329724
7021,9962-BFPDU,No,0.26122967176094203
2962,4231-LZUYM,No,0.0029867025643560753
5789,8149-RSOUN,Yes,0.7951379986244203
813,1187-WILMM,No,0.023815240727811018
600,0877-SDMBN,No,0.22353692787078713
2518,3597-MVHJT,Yes,0.5233702950214911
478,0697-ZMSWS,Yes,0.7374932286114121
5780,8133-ANHHJ,No,0.21883750770199614
3943,5550-VFRLC,Yes,0.7757388086189444
3400,4826-DXMUP,No,0.19357043089077827
3441,4879-GZLFH,Yes,0.5001603348870537
1830,2669-OIDSD,No,0.3050656857168471
3483,4933-BSAIP,No,0.007918027817516939
5873,8259-NFJTV,No,0.2535273008812401
1540,2251-PYLPB,No,0.0020162999346045457
1132,1660-HSOOQ,No,0.4634510312218619
5196,7312-XSBAT,No,0.4760938222235881
234,0362-ZBZWJ,Yes,0.5663328692680156
4065,5730-RIITO,No,0.27167944505888086
5839,8213-TAZPM,No,0.13183724543777312
5734,8069-RHUXK,No,0.020656247888039384
62,0106-UGRDO,No,0.060496102436002
6658,9473-CBZOP,No,0.08602608655114809
4585,6469-MRVET,No,0.1558058448759464
5584,7860-UXCRM,No,0.0354619603619453
6993,9924-JPRMC,No,0.08373934019791081
3932,5536-SLHPM,No,0.45581079061067514
5826,8200-LGKSR,No,0.0656909594313886
4263,6000-APYLU,Yes,0.6506689091958145
466,0680-DFNNY,Yes,0.650404010723109
2064,2969-WGHQO,No,0.1851444222861227
982,1427-VERSM,No,0.38144725141234354
3243,4640-UHDOS,No,0.30843324860692517
3552,5032-USPKF,No,0.11576698174919942
1224,1813-JYWTO,No,0.04029088635179205
5530,7786-WBJYI,Yes,0.5762845358135891
242,0373-AIVNJ,No,0.11035229764610664
5272,7434-SHXLS,No,0.2982401435059536
3650,5159-YFPKQ,Yes,0.6791885109961
5462,7688-AWMDX,No,0.035263228131404124
2955,4220-TINQT,No,0.39356384786734544
5295,7479-NITWS,Yes,0.5731228076298478
598,0875-CABNR,Yes,0.5726702223503554
3719,5231-FIQPA,No,0.022898977099904978
2818,4009-ALQFH,Yes,0.5061434401406695
1185,1744-JHKYS,No,0.10472937592103049
281,0415-MOSGF,No,0.4468551896452413
3492,4947-DSMXK,No,0.42321049875803657
184,0301-FIDRB,No,0.005623686235718631
2861,4079-WWQQQ,No,0.008699473354041866
1111,1624-NALOJ,Yes,0.7442754919077909
6818,9681-OXGVC,Yes,0.7557880542048712
742,1089-XZWHH,No,0.02847840980269116
4395,6198-RTPMF,Yes,0.5648761346406207
215,0330-BGYZE,No,0.2577055086222944
4855,6845-RGTYS,No,0.4102555051810458
2384,3413-BMNZE,No,0.4813075189933286
1247,1845-ZLLIG,No,0.4388598251351313
6071,8606-CIQUL,No,0.02337458652051226
5635,7943-RQCHR,Yes,0.6832696099961671
5688,8016-NCFVO,No,0.3335564975583184
5519,7774-OJSXI,No,0.24899032767287305
52,0093-EXYQL,Yes,0.5303756847294311
1407,2077-MPJQO,Yes,0.7125566500083913
2020,2911-WDXMV,No,0.38153572387122947
2867,4086-ATNFV,No,0.08564400154445292
2112,3030-YZADT,No,0.24150103335240536
1324,1970-KKFWL,No,0.007218818595377148
814,1193-RTSLK,No,0.33269875352739375
5414,7625-XCQRH,Yes,0.6082500979480218
1735,2523-EWWZL,No,0.4750200756081654
3711,5222-IMUKT,No,0.4591909073411008
2829,4020-KIUDI,No,0.08258066911240691
2016,2908-WGAXL,No,0.02853114053672609
5817,8189-HBVRW,No,0.30936865018492177
3597,5099-BAILX,No,0.3246482317031183
3517,4987-GQWPO,No,0.27738141667428096
671,0980-FEXWF,No,0.09422686623025635
2907,4139-DETXS,No,0.006062673205933745
5192,7305-ZWMAJ,No,0.009641071953559956
1614,2351-BKRZW,No,0.03442782218026152
3472,4919-IKATY,Yes,0.5031253507316188
575,0843-WTBXE,No,0.289969987218786
1396,2067-QYTCF,No,0.3782740364032584
4806,6762-NSODU,No,0.0051608319170816895
1718,2506-CLAKW,No,0.4598811978059176
1131,1658-XUHBX,No,0.38631457901448685
2995,4291-HPAXL,No,0.2582846833265852
2322,3319-DWOEP,Yes,0.692357448021923
5060,7113-HIPFI,No,0.025395545819435456
761,1104-TNLZA,No,0.4777799867788388
1344,2001-EWBQU,No,0.1367848654216703
2779,3956-CJUST,No,0.3969323531391553
3593,5092-STPKP,No,0.1952147354117679
5056,7109-CQYUZ,No,0.019158296184323936
4979,7005-CCBKV,Yes,0.6471032079240796
1367,2027-WKXMW,No,0.3782740364032584
1459,2154-KVJFF,Yes,0.5916929790593527
222,0343-QLUZP,No,0.02352702578382163
1515,2226-ICFDO,No,0.008626869494316807
5864,8242-PDSGJ,No,0.013501901448954396
5552,7817-BOQPW,Yes,0.7196319506553143
2781,3957-HHLMR,No,0.08273993400100528
5772,8118-TJAFG,No,0.48720926669190684
3897,5481-NTDOH,No,0.20045962589938354
5136,7233-IOQNP,No,0.21056463138870612
519,0754-UKWQP,Yes,0.720882773770438
1335,1985-MBRYP,No,0.013051105666587026
3915,5512-IDZEI,No,0.06733843041165778
1752,2560-PPCHE,No,0.22650940657610824
7041,9993-LHIEB,No,0.018135827457502827
4663,6582-OIVSP,No,0.4468551896452413
7017,9957-YODKZ,Yes,0.7007601338626449
3769,5307-DZCVC,No,0.45919266203558423
53,0093-XWZFY,No,0.4515250496939722
2259,3229-USWAR,No,0.14125103346273027
114,0201-MIBOL,No,0.11044865879161037
3481,4929-XIHVW,Yes,0.6617038440697891
3893,5478-JJVZK,No,0.1628308363726189
4542,6402-SSEJG,No,0.15972428150677567
5480,7714-YXSMB,No,0.4956112594662465
5043,7089-XXAYG,No,0.12662235482210096
2132,3062-ICYZQ,No,0.38000546708263605
701,1035-IPQPU,No,0.4471378488013009
5499,7742-MYPGI,No,0.26015480375096095
617,0902-XKXPN,No,0.001775330792377112
4768,6711-VTNRE,No,0.3869375963431733
5416,7629-WFGLW,No,0.20383791537156623
676,0991-BRRFB,No,0.2698882066369786
4783,6728-VOIFY,No,0.30488579308851416
6771,9617-INGJY,Yes,0.7186496805412586
900,1307-TVUFB,No,0.4205513279729165
1750,2550-QHZGP,No,0.034930018885832116
5138,7234-FECYN,Yes,0.6693226994829645
4309,6077-BDPXA,Yes,0.6909986206738569
1787,2609-IAICY,Yes,0.7729805569749542
5243,7394-FKDNK,Yes,0.626153471664486
794,1159-WFSGR,No,0.11944076614659598
338,0504-HHAPI,No,0.4470574591632356
5975,8417-GSODA,No,0.25768556683292365
3785,5322-ZSMZY,No,0.00904593144318278
2374,3399-BMLVW,No,0.05572744576520378
5944,8382-SHQEH,Yes,0.669573028070333
4438,6257-RJOHI,No,0.3286165272131825
4732,6663-JOCQO,No,0.11767799793967752
6870,9762-YAQAA,No,0.13743941896053427
6731,9560-ARGQJ,Yes,0.5443228864902955
1635,2378-VTKDH,No,0.48106914031539133
872,1265-HVPZB,No,0.041664724257165976
4345,6128-CZOMY,Yes,0.5331310986117718
2598,3714-JTVOV,No,0.3408194121831231
2336,3345-PBBFH,No,0.19027364618081208
984,1428-IEDPR,No,0.15629179101109303
3959,5570-PTWEH,Yes,0.6187395764035151
5204,7321-PKUYW,Yes,0.531126860537679
1793,2616-UUTFK,No,0.16117688777400044
6745,9576-ANLXO,Yes,0.6525887001622543
1425,2100-BDNSN,No,0.31011122456714524
1121,1636-NTNCO,No,0.4644969976671437
1289,1919-RTPQD,No,0.351131837697574
3621,5134-IKDAY,Yes,0.7012746396092387
5512,7762-URZQH,No,0.07266817125107378
2626,3736-BLEPA,No,0.1857436289194259
2281,3258-ZKPAI,No,0.03449258015971434
3078,4404-HIBDJ,No,0.08439032050454459
2360,3378-AJRAO,No,0.06733843041165778
5129,7218-HKQFK,Yes,0.5905851193900454
6186,8751-EDEKA,No,0.35516652479209737
4184,5914-XRFQB,No,0.03465261822747389
2713,3863-QSTYI,No,0.2523396007967621
6176,8741-LQOBK,No,0.20481560323444678
2853,4074-SJFFA,No,0.4934922409059324
1027,1482-OXZSY,No,0.421689212255417
6873,9764-REAFF,No,0.0038181741123669444
4848,6837-BJYDQ,No,0.05781706769966531
3543,5022-JNQEQ,No,0.49103387896393635
593,0871-OPBXW,No,0.19728505662733423
1862,2697-NQBPF,No,0.48739944878425084
1245,1843-TLSGD,No,0.008953893230399296
3030,4334-HOWRP,No,0.017355359633537657
6443,9122-UMROB,No,0.3072045888078492
422,0621-HJWXJ,No,0.2874152523052821
5224,7353-YOWFP,No,0.036417671252003805
1044,1518-VOWAV,No,0.32135575818470785
5995,8456-QDAVC,No,0.4549393038007294
1338,1989-PRJHP,Yes,0.5672455173414626
5754,8096-LOIST,No,0.3359512588077018
4885,6885-PKOAM,No,0.004434249339935083
650,0952-KMEEH,No,0.46745230972180346
61,0106-GHRQR,No,0.26784832618225557
4089,5778-BVOFB,No,0.3026375051979617
1722,2511-ALLCS,No,0.004838260562040192
4756,6695-AMZUF,No,0.006906376730650398
601,0880-FVFWF,No,0.3606095688645491
2602,3716-LRGXK,No,0.10969916469790085
3771,5309-TAIKL,No,0.26047406606388057
4173,5899-MQZZL,Yes,0.533030555099086
135,0228-MAUWC,No,0.27182968259096907
4623,6518-LGAOV,No,0.4565893557199312
3018,4318-RAJVY,No,0.0439169562058045
4012,5651-YLPRD,No,0.48499014823948833
3364,4797-MIWUM,No,0.12246315629591463
6495,9209-NWPGU,No,0.10503500715194189
4129,5840-NVDCG,No,0.03606814929793838
3640,5149-TGWDZ,No,0.2737891834307955
3355,4785-NKHCX,No,0.17402690898959303
3806,5353-WILCI,No,0.20451670293513402
227,0354-VXMJC,No,0.003788965640925693
4354,6137-NICCO,Yes,0.5326318377435643
4276,6023-GSSXW,No,0.03269447646578617
2921,4163-NCJAK,No,0.02338487183797873
4680,6599-SFQVE,No,0.44030136816652027
5260,7409-KIUTL,Yes,0.731159758955244
3963,5575-TPIZQ,No,0.3241663691267495
82,0133-BMFZO,No,0.46584698573466965
2610,3721-CNEYS,Yes,0.7048234958490929
3545,5025-GOOKI,No,0.1000161878275202
4785,6729-FZWSY,No,0.03869085332869451
5038,7083-MIOPC,No,0.005858717492119173
470,0687-ZVTHB,No,0.06225957357908595
1643,2386-OWURY,No,0.42253153510973734
508,0742-NXBGR,Yes,0.6991605061378128
3712,5222-JCXZT,No,0.16477878449196237
5529,7785-RDVIG,No,0.1599296132119582
805,1173-NOEYG,No,0.4233176138091339
5657,7975-JMZNT,No,0.027031508517044552
1373,2038-LLMLM,No,0.45346367287205597
1644,2387-KDZQY,No,0.04101615668569089
895,1304-BCCFO,No,0.301999498265617
2369,3396-DKDEL,No,0.028579500510111537
1605,2335-GSODA,No,0.02258289113324087
1414,2082-CEFLT,Yes,0.5741132103005804
6299,8910-ICHIU,No,0.13514912082889477
5279,7446-YPODE,No,0.2349596483852372
295,0434-CSFON,Yes,0.5195493476005444
4742,6682-VCIXC,No,0.0973140248736732
2100,3011-WQKSZ,No,0.15382753896369777
5517,7771-CFQRQ,No,0.029058705610161998
1967,2845-KDHVX,No,0.021105424147641907
4626,6519-ZHPXP,No,0.025209339124425568
2682,3806-YAZOV,No,0.17674831151940812
6370,9027-TMATR,No,0.08333819773316893
4191,5919-TMRGD,Yes,0.7266971815206805
6371,9027-YFHQJ,No,0.13468742946047282
4384,6178-KFNHS,No,0.4618402074762672
2583,3694-DELSO,No,0.3243938116579032
4914,6917-IAYHD,No,0.3742348043591768
139,0231-LXVAP,Yes,0.6308164162469224
2181,3126-WQMGH,No,0.19371359345500036
5041,7089-IVVAZ,Yes,0.5007080899447903
5887,8276-MQBYC,Yes,0.5947443299889792
3389,4818-QIUFN,No,0.49488800812916445
6209,8780-IHCRN,No,0.004888448466540781
640,0939-EREMR,No,0.2518035115611998
1789,2612-RANWT,Yes,0.6251697759368011
6381,9046-DQMTP,No,0.10043489424522603
2578,3683-QKIUE,No,0.3115943273769566
6746,9576-SYUHJ,Yes,0.5008601334330292
2884,4112-LUEIZ,Yes,0.6763958030096062
200,0315-LVCRK,Yes,0.5023777753948164
4116,5821-MMEIL,No,0.004103379103454288
6865,9753-OYLBX,No,0.2982401435059536
4593,6479-OAUSD,No,0.010998502162285768
1783,2606-RMDHZ,No,0.3635028032357519
1549,2260-USTRB,Yes,0.6896167424248013
2157,3090-QFUVD,No,0.2155065928204472
4498,6345-FZOQH,No,0.016709753165361628
4077,5759-RCVCB,No,0.40540782573841333
6602,9385-NXKDA,No,0.015899504932436935
3587,5084-OOVCJ,No,0.16731525650537798
1418,2087-QAREY,No,0.17070923889674158
5297,7480-SPLEF,No,0.007818118564181888
5291,7471-MQPOS,No,0.1259487227804024
5351,7560-QJAVJ,No,0.013126934225604618
333,0489-WMEMG,No,0.1289132773878377
498,0727-IWKVK,Yes,0.576295163316891
4536,6393-WRYZE,Yes,0.5617072370028715
4644,6551-VLJMV,No,0.005988152333808572
1585,2309-OSFEU,No,0.31468117982556243
3386,4817-QRJSX,Yes,0.5216978746906394
6891,9787-XVQIU,Yes,0.7826485415071847
790,1153-GNOLC,No,0.16217948448780625
4295,6048-UWKAL,No,0.052931716994861835
6120,8668-KNZTI,No,0.10202222041515294
6977,9903-LYSAB,Yes,0.5672448052159038
6886,9779-DPNEJ,Yes,0.5356711201971625
5258,7408-OFWXJ,No,0.003916009417444289
4153,5872-OEQNH,No,0.12418546482326363
182,0297-RBCSG,No,0.2079974746726066
5237,7379-FNIUJ,Yes,0.5002545842246361
6201,8775-CEBBJ,No,0.26506133191191045
4774,6719-OXYBR,No,0.48865607940412537
1265,1867-BDVFH,Yes,0.5813605918995016
3462,4908-XAXAY,No,0.20489300765050303
1394,2061-VVFST,No,0.11966476421033347
5735,8069-YQQAJ,No,0.28696462292151764
3979,5605-XNWEN,No,0.012366646037600335
6020,8510-TMWYB,No,0.04722102895700503
3524,4998-IKFSE,No,0.4884082054242601
776,1131-SUEKT,No,0.21395795065644457
1889,2740-JFBOK,No,0.138074162752009
6003,8468-FZTOE,No,0.05123816756128918
5763,8106-GWQOK,No,0.036878889232284114
4462,6289-CPNLD,No,0.18058216895646204
2567,3669-WHAFY,No,0.02773947814687098
3647,5155-AZQPB,No,0.13550811959443895
1190,1754-GKYPY,Yes,0.5179367304507976
3619,5133-POWUA,No,0.46766885790076934
5947,8387-MOJJT,No,0.30517428844242983
256,0380-ZCSBI,No,0.08527511694073453
2096,3005-TYFRD,No,0.407494016824788
3434,4871-JTKJF,Yes,0.7757388086189444
68,0114-IGABW,No,0.020052532022198408
614,0899-LIIBW,No,0.4824888406762657
1322,1965-AKTSX,Yes,0.6826212060286025
2299,3284-SVCRO,No,0.012931492969095761
4703,6627-CFOSN,No,0.29926190539049047
6741,9572-WUKSB,No,0.49038571741018905
2372,3398-GCPMU,No,0.01698436604778767
4697,6621-NRZAK,No,0.002902416385957637
4667,6583-SZVGP,No,0.17966141210686107
5464,7691-KGKGP,No,0.14257664874756676
6016,8498-XXGWA,No,0.1371594957612664
3336,4750-ZRXIU,Yes,0.7609787479887308
6279,8883-GRDWQ,No,0.08487661720404223
5216,7339-POGZN,No,0.4533269829835237
6981,9909-DFRJA,No,0.22895532179807976
2516,3594-KADLU,No,0.3023822267151346
5964,8404-VIOMB,No,0.0073844830988690005
607,0887-WBJVH,No,0.30890267064469024
4708,6633-MPWBS,No,0.4220424413552072
4851,6838-YAUVY,No,0.13851759196453664
5925,8344-WFMFH,No,0.3572586221052504
2695,3831-YCPUO,No,0.012767432589736718
4537,6394-HHHZM,No,0.17826662740118057
5477,7710-JSYOA,No,0.08759301937130269
1839,2674-MLXMN,No,0.438292536306221
5226,7356-AYNJP,No,0.07370133046553255
4792,6734-GMPVK,Yes,0.6151001007437907
4941,6960-HVYXR,Yes,0.7203240107019617
4021,5669-SRAIP,Yes,0.5276473015347605
6909,9804-ICWBG,Yes,0.7732434562234677
550,0812-WUPTB,Yes,0.6493958401627802
3440,4878-BUNFV,No,0.004238926979393494
267,0396-YCHWO,Yes,0.5974495178123207
3324,4735-ASGMA,Yes,0.5944138396217725
4098,5793-YOLJN,No,0.004408792059399782
250,0378-CJKPV,No,0.010213169504180619
218,0334-ZFJSR,No,0.0560437122580246
3787,5325-UWTWJ,No,0.2122092149391395
706,1042-HFUCW,No,0.14866463950293946
3256,4656-CAURT,No,0.010047172400594275
6646,9448-REEVD,No,0.36497178843771283
2179,3120-FAZKD,No,0.018815199525481493
1068,1557-EMYVT,No,0.06972918470354751
5285,7460-ITWWP,No,0.46382196826381394
6213,8782-LKFPK,No,0.42668267143362415
6573,9348-YVOMK,No,0.37532648715067607
4936,6953-PBDIN,No,0.009788238695544117
6100,8639-NHQEI,No,0.038637032464216056
2143,3074-GQWYX,Yes,0.673588963838801
2351,3370-HXOPH,Yes,0.6632860291274235
5583,7860-KSUGX,No,0.015131084701577237
1877,2722-VOJQL,No,0.25807032613007963
1334,1984-GPTEH,No,0.12748141057492451
1911,2786-GCDPI,No,0.47426806530189725
4869,6860-YRJZP,Yes,0.6805122542465419
2387,3415-TAILE,No,0.40624645328096776
1797,2625-TRCZQ,No,0.3273051630129742
3914,5510-BOIUJ,No,0.2582846833265852
1575,2294-DMMUS,No,0.18354400537598628
825,1207-BLKSA,No,0.01133037283769937
4113,5816-QVHRX,No,0.35027559079351206
4044,5699-BNCAS,No,0.03086049863197818
948,1373-ORVIZ,No,0.3138336337774008
4290,6040-CGACY,No,0.1216583986016341
6323,8950-MTZNV,No,0.46766885790076934
3948,5562-BETPV,No,0.14937777216844858
3110,4458-KVRBJ,No,0.02477811016017193
4529,6379-RXJRQ,Yes,0.6284124569315316
6072,8606-OEGQZ,No,0.015449889459039806
3775,5312-TSZVC,No,0.03927233457478703
382,0565-JUPYD,No,0.1353842232591364
5045,7096-UCLNH,No,0.3072045888078492
6481,9174-FKWZE,No,0.2745931950353472
2477,3545-CNWRG,Yes,0.512174495571696
785,1142-IHLOO,No,0.25743898742637733
1771,2587-YNLES,No,0.019421673148049517
1165,1710-RCXUS,No,0.232979794561428
1776,2595-KIWPV,No,0.0036267217500703013
130,0222-CNVPT,No,0.2801663224137088
4758,6696-YDAYZ,No,0.007888703784344283
6434,9108-EQPNQ,No,0.015215045551921484
5130,7219-TLZHO,No,0.14179533538188138
1510,2219-MVUSO,No,0.27499739487858904
2449,3508-VLHCZ,No,0.004013318284440179
1766,2581-VKIRT,No,0.04558903333100954
2158,3091-FYHKI,Yes,0.7003128060021637
5459,7682-AZNDK,No,0.4823556692390428
906,1320-HTRDR,Yes,0.7044933898843704
2327,3327-YBAKM,No,0.22954652693756025
5471,7696-CFTAT,No,0.0007349283280395563
5066,7126-RBHSD,No,0.42990792121908455
1337,1987-AUELQ,No,0.006274291082717225
5202,7319-ZNRTR,No,0.05990164761368533
3826,5378-IKEEG,Yes,0.6538506854273539
939,1357-MVDOZ,No,0.23452300147220687
6427,9101-NTIXF,No,0.17753129123777345
10,0017-DINOC,No,0.03155899948416141
3747,5277-ZLOOR,Yes,0.7653674188635377
6769,9611-CTWIH,Yes,0.7539148202288957
1195,1761-AEZZR,Yes,0.7807521948202795
2297,3282-ZISZV,No,0.12011066572223092
3014,4312-KFRXN,No,0.015352461195370261
685,1015-JPFYW,No,0.04413654203928018
2381,3410-MHHUM,No,0.2421810619688507
4357,6141-OOXUQ,No,0.3072045888078492
4702,6625-UTXEW,No,0.29871837480506896
5531,7787-BNTZM,No,0.1601497580068685
2597,3712-PKXZA,No,0.018045673753110676
2793,3976-BWUCK,No,0.3147105475887718
5107,7176-WRTNX,No,0.07515486569039184
292,0430-IHCDJ,No,0.4109789194063778
1258,1862-QRWPE,No,0.0009920106952136666
3433,4869-EPIUS,No,0.3066048749567036
4581,6463-MVYRY,No,0.041070036203522065
3855,5419-KLXBN,No,0.3346476565263896
1066,1555-DJEQW,No,0.03619917025098524
6946,9850-OWRHQ,Yes,0.6187395764035151
1990,2876-VBBBL,No,0.36654039659395155
2621,3727-RJMEO,Yes,0.6897439546342392
7038,9987-LUTYD,No,0.10021093873281363
6404,9068-FHQHD,No,0.0017920106952136667
1671,2434-EEVDB,No,0.04274851439088243
3061,4378-MYPGO,No,0.05364548615818165
1034,1494-EJZDW,No,0.012434233354807218
3929,5533-NHFRF,No,0.48312512762922744
325,0484-JPBRU,No,0.09057948624332665
2612,3721-WKIIL,No,0.021583469078514595
6096,8631-XVRZL,No,0.050618033635668074
2324,3323-CPBWR,No,0.3259735138469452
2650,3765-JXVKY,Yes,0.7123557899367298
739,1088-AUUZZ,No,0.033629221552329364
315,0464-WJTKO,No,0.001342757987137429
396,0584-BJQGZ,No,0.16122431183933653
753,1097-FSPVW,No,0.20698219594538148
1813,2645-QTLMB,Yes,0.6695185886882173
5867,8246-SHFGA,No,0.0723116578405521
5993,8454-AATJP,No,0.02653538392914748
6250,8845-LWKGE,No,0.12275706742758606
6437,9114-AAFQH,No,0.14305823304458223
656,0960-HUWBM,No,0.1380064100155486
5325,7521-AFHAB,No,0.31137725260184196
1018,1470-PSXNM,No,0.2511779118246745
2595,3707-LRWZD,No,0.25450370095840946
6807,9661-JALZV,No,0.02225381684988138
4057,5712-VBOXD,No,0.1389861590757113
5581,7856-GANIL,No,0.1450220392829508
5985,8441-SHIPE,No,0.01280985875992379
2761,3932-CMDTD,No,0.35258923797165687
7009,9944-AEXBM,No,0.4609402353314864
217,0334-GDDSO,Yes,0.7211804986022843
390,0577-WHMEV,No,0.46064812779897174
3598,5103-MHMHY,No,0.43905683789860184
1925,2800-QQUSO,No,0.4939072994188022
3653,5161-XEUVX,No,0.11623432997596644
2116,3039-MJSLN,No,0.14522724561901176
4178,5906-DVAPM,No,0.06966369711819408
5315,7508-KBIMB,No,0.08911962768870349
5472,7698-YFGEZ,No,0.3072045888078492
6637,9435-JMLSX,No,0.011609423613257577
3804,5349-IECLD,Yes,0.6261479931665034
2082,2988-PLAHS,No,0.2902660766486356
1428,2105-PHWON,No,0.33709007111670763
423,0621-JFHOL,No,0.09931511084237594
819,1196-AMORA,Yes,0.5509564062350023
176,0282-NVSJS,No,0.2883031179937295
6643,9445-SZLCH,No,0.37450203441279256
5705,8039-EQPIM,No,0.01946009150420863
6387,9052-VKDUW,No,0.37048644338669784
2098,3007-FDPEA,No,0.20125099991726242
4195,5923-GXUOC,No,0.49576968548173256
2475,3541-ZNUHK,No,0.34085315125542964
6439,9114-VEPUF,No,0.2538623689483474
2983,4277-BWBML,No,0.001775330792377112
1768,2585-KTFRE,No,0.287995822869491
3179,4558-FANTW,No,0.38427590422515
5052,7105-BENQF,No,0.11202852919774152
2782,3957-LXOLK,Yes,0.5863049502647502
4244,5985-BEHZK,No,0.19172319707363605
5696,8024-XNAFQ,No,0.04389647752384761
1301,1932-UEDCX,Yes,0.5203885355220416
1636,2378-YIZKA,No,0.00524743165664895
4662,6581-NQCBA,No,0.38088385777543293
420,0620-XEFWH,No,0.12695421619838163
3450,4891-NLUBA,No,0.02095545904489945
5506,7753-USQYQ,No,0.14079210234249906
6318,8945-GRKHX,Yes,0.7154373177453075
3495,4950-HKQTE,No,0.012605742911862299
6386,9052-DHNKM,No,0.11994734067544481
766,1114-CENIM,No,0.17577550122656177
3368,4801-KFYKL,No,0.10988663662750085
4287,6035-RIIOM,No,0.168301590945516
3867,5442-UTCVD,Yes,0.6307588045108801
3574,5063-IUOKK,No,0.02246544473206721
6075,8610-ZIKJJ,No,0.10506967739857907
1996,2882-WDTBA,No,0.0146691499625411
4358,6142-VSJQO,No,0.3971336657324455
2257,3224-DFQNQ,No,0.20495126814224754
4611,6502-MJQAE,Yes,0.7732434562234677
6211,8780-RSYYU,No,0.09517032316586606
6129,8679-LZBMD,No,0.3115118415915693
6449,9133-AYJZG,No,0.48525616674840777
1162,1707-HABPF,No,0.1638852316167571
4453,6281-FKEWS,No,0.18798159914250231
38,0064-SUDOG,No,0.011488888774135089
2411,3452-FLHYD,No,0.024872964985211438
6653,9467-ROOLM,No,0.08643821433779655
2744,3902-MIVLE,No,0.020916914359036153
2834,4029-HPFVY,Yes,0.607095011970374
5322,7517-SAWMO,No,0.4343069166931775
4223,5959-BELXA,Yes,0.5431965955573561
375,0559-CKHUS,No,0.020956207153417485
2957,4223-WOZCM,No,0.4833844368346804
4690,6615-ZGEDR,No,0.3072045888078492
987,1431-AIDJQ,No,0.025705374059907943
383,0567-GGCAC,No,0.3289469123882849
1229,1820-DJFPH,No,0.012278504122843733
5359,7568-PODML,Yes,0.5228383515657538
4416,6227-HWPWX,No,0.47311737083610417
3216,4612-THJBS,No,0.22794564700659753
6500,9221-OTIVJ,Yes,0.6712466813108007
6789,9637-CDTKZ,No,0.020736231207738817
164,0265-PSUAE,No,0.4486161388480304
909,1323-OOEPC,No,0.4102344220527428
4433,6250-CGGUN,No,0.18480525657486332
4087,5777-KJIRB,No,0.1363634242139611
5660,7977-HXJKU,No,0.011642602827147797
512,0744-GKNGE,No,0.17490963271634186
2412,3452-GWUIN,Yes,0.5994079532485327
5373,7587-AOVVU,No,0.34109440596860024
3265,4667-QONEA,No,0.09508562524818225
5068,7129-ACFOG,No,0.43455074501843377
5354,7562-UXTPG,Yes,0.5210034610169325
1588,2316-ESMLS,No,0.09240993262487607
5643,7956-XQWGU,No,0.07992733346524726
3429,4859-ZSRDZ,No,0.017936244014094927
2201,3154-HMWUU,No,0.013022873918505606
2164,3096-WPXBT,No,0.14872315298823297
2664,3785-NRHYR,No,0.3072045888078492
5015,7048-GXDAY,No,0.4669465121096813
1295,1927-QEWMY,No,0.0028288859106571566
5113,7188-CBBBA,No,0.21291731443515943
2492,3567-PQTSO,No,0.2512808751067441
5580,7855-DIWPO,Yes,0.5180355701016541
1360,2024-BASKD,Yes,0.7002815157212785
1849,2683-JXWQQ,No,0.21886914221596893
6311,8931-GJJIQ,Yes,0.667559118548959
1176,1730-VFMWO,No,0.12357935754176816
3051,4367-NHWMM,Yes,0.517778812700604
6164,8734-DKSTZ,Yes,0.5927666616399141
2788,3967-VQOGC,No,0.03131263605932106
3127,4484-GLZOU,No,0.4924060191331349
4293,6048-NJXHX,No,0.04716287740497641
4551,6416-TVAIH,Yes,0.7026582165941591
5879,8263-QMNTJ,No,0.054746518062212285
6174,8740-CRYFY,Yes,0.7807521948202795
680,1000-AJSLD,No,0.3643096996644082
1608,2344-JMOGN,No,0.45412450034926194
1287,1915-OAKWD,No,0.05800351595698003
2846,4061-UKJWL,No,0.3770370977141628
2959,4227-OJHAL,No,0.04346148794184966
1706,2482-CZGBB,Yes,0.6120381739810992
994,1444-VVSGW,No,0.19595155759143312
2495,3569-VLDHH,No,0.1098593836807566
3951,5565-FILXA,Yes,0.6833711525079863
1798,2626-URJFX,No,0.4166291573658411
2821,4012-YCFAI,No,0.030341809330012542
3780,5318-IXUZF,Yes,0.6331504908621796
1686,2458-EOMRE,No,0.2338128858619143
6382,9046-JBFWA,No,0.07852230429667556
4303,6064-PUPMC,No,0.08126819534193172
5233,7365-BVCJH,Yes,0.680958278423915
65,0111-KLBQG,No,0.4419244121508421
1624,2363-BJLSL,No,0.1635602897594997
5089,7148-XZPHA,No,0.3304292219247587
3246,4644-PIZRT,No,0.1322261285857052
606,0887-HJGAR,No,0.46766885790076934
2951,4208-UFFGW,No,0.4841377210947008
4198,5928-QLDHB,Yes,0.6060908483490433
5294,7473-ZBDSN,No,0.010382464658970724
2266,3239-TPHPZ,No,0.04528674385663118
6727,9553-DLCLU,No,0.05016527798915348
4856,6847-KJLTS,No,0.3701925331375923
1807,2637-FKFSY,No,0.3881137479050949
1914,2789-HQBOU,Yes,0.744651238552615
3823,5376-DEQCP,Yes,0.7668457674914432
832,1215-FIGMP,No,0.3274537227151027
3437,4873-ILOLJ,Yes,0.5707876900111549
5595,7876-DNYAP,No,0.002902416385957637
3947,5561-NWEVX,Yes,0.6858795690700963
1837,2673-ZALNP,No,0.036417671252003805
2043,2946-KIQSP,No,0.2075254311598109
3293,4701-LKOZD,No,0.006995629461283261
522,0761-AETCS,No,0.22933679590812492
1710,2486-WYVVE,No,0.17393367446660818
4197,5924-SNGKP,No,0.014390728748702538
3859,5433-KYGHE,No,0.3705800019039937
5082,7138-GIRSH,No,0.02114307794311146
3877,5449-FIBXJ,No,0.45862353693324165
649,0947-MUGVO,Yes,0.5141172854221372
670,0979-PHULV,No,0.3582146161654446
332,0488-GSLFR,Yes,0.7668457674914432
2333,3339-EAQNV,No,0.20941884723007945
464,0679-IDSTG,Yes,0.7171547420249083
3416,4837-QUSFT,No,0.1306018593135688
2891,4118-CEVPF,No,0.2598885877361878
1437,2121-JAFOM,No,0.013213301868458044
3673,5180-UCIIQ,No,0.24352997168516288
831,1215-EXRMO,No,0.012991597659508955
5570,7850-VWJUU,No,0.342702925578556
2764,3934-HXCFZ,No,0.4857058047106645
3236,4633-MKHYU,Yes,0.6517364316916671
4988,7014-ZZXAW,No,0.021562014929186638
6277,8882-TLVRW,No,0.014810182487322883
193,0308-IVGOK,No,0.1704954582381825
1764,2580-ASVVY,No,0.08213888588798031
1310,1945-XISKS,No,0.00812315152757919
6518,9250-WYPLL,Yes,0.6221488415585698
6580,9357-UJRUN,No,0.16145397554723023
5413,7623-TRNQN,No,0.37370673939343446
4455,6284-AHOOQ,No,0.35818134994644685
6825,9695-IDRZR,No,0.09630439002176477
370,0547-HURJB,No,0.07022066260877427
4883,6877-TJMBR,Yes,0.609739716322068
4313,6082-GLJIX,No,0.1053761573756546
20,0023-UYUPN,No,0.06758769459750087
4637,6543-JXSOO,No,0.08907495531499564
2594,3707-GNWHM,Yes,0.7333896630038013
4280,6029-WTIPC,Yes,0.6242953960519995
1234,1832-PEUTS,No,0.08970236192891151
3544,5022-KVDQT,Yes,0.5294376399179912
5431,7641-TQFHN,No,0.1394818735866008
5897,8295-FHIVV,No,0.18623645208443157
624,0916-QOFDP,Yes,0.6206670773252615
4465,6296-DDOOR,No,0.11134840829888602
4217,5951-AOFIH,No,0.24037687095167543
2924,4176-RELJR,No,0.011175039621194595
416,0617-FHSGK,No,0.29555486096676203
4524,6374-AFWOX,No,0.03177711349913195
5986,8443-WVPSS,Yes,0.5290951663629092
4176,5906-BFOZT,No,0.3643096996644082
2620,3727-OWVYD,No,0.0652864872096452
4323,6100-FJZDG,No,0.017752834382336435
1755,2565-JSLRY,No,0.3107686249882793
3477,4926-UMJZD,No,0.13930064419136984
4278,6024-RUGGH,No,0.008200945040031622
4296,6050-FFXES,No,0.07461800681733406
1350,2007-QVGAW,No,0.006841841778301994
195,0310-SUCIN,No,0.09377916189440519
4216,5950-AAAGJ,No,0.39452527019061817
6256,8853-TZDGH,No,0.07916806903677415
2457,3520-FJGCV,No,0.017270270508831974
83,0134-XWXCE,No,0.150567626359345
6574,9350-VLHMB,No,0.2905965102364808
1514,2225-ZRGSG,No,0.020315128494576423
5182,7291-CDTMJ,No,0.30071585907723797
857,1241-FPMOF,No,0.021675579313324728
4418,6229-UOLQL,No,0.07216171418389845
5369,7579-OOPEC,No,0.42179202896665463
3548,5027-YOCXN,No,0.20900507805901583
4958,6980-IMXXE,No,0.001342757987137429
2878,4102-OQUPX,Yes,0.7844584074154778
3588,5087-SUURX,No,0.3759214220600672
1379,2040-VZIKE,No,0.41061209708703955
2833,4026-SKKHW,No,0.3432326153257308
2871,4090-KPJIP,Yes,0.7044933898843704
4557,6424-ELEYH,Yes,0.6187395764035151
2978,4256-ZWTZI,No,0.3334321911848919
6011,8490-BXHEO,No,0.48566356710584946
2940,4193-IBKSW,No,0.0013338018328682246
6684,9500-IWPXQ,No,0.11469165398571507
2311,3312-UUMZW,No,0.45198961418138395
4257,5996-EBTKM,No,0.02251164034990234
63,0107-WESLM,No,0.26683592885075913
4586,6469-QJKZW,No,0.16670723318852698
240,0366-NQSHS,No,0.17753129123777345
3320,4727-MCYZG,No,0.4145593357683088
2568,3671-SHRSP,Yes,0.539545785025658
6051,8573-CGOCC,No,0.07948221495228569
4859,6849-OYAMU,No,0.25173974865279664
837,1218-VKFPE,No,0.09625323005883414
1875,2720-WGKHP,Yes,0.782130704405956
1138,1676-MQAOA,No,0.010137026738322362
4596,6480-YAGIY,No,0.23224928390208233
660,0967-BMLBD,No,0.06587739389568925
3168,4546-FOKWR,No,0.483456993110199
5326,7521-YXVZY,No,0.14084191635302434
5135,7233-DRTRF,No,0.44766767728849394
289,0426-TIRNE,No,0.2982401435059536
1364,2027-DNKIV,No,0.06686395726598503
379,0564-JJHGS,Yes,0.6746675641399789
2414,3453-RTHJQ,Yes,0.6401528723894048
3864,5442-BHQNG,Yes,0.6691460584925991
4431,6248-BSHKG,No,0.01626154764241569
5898,8295-KMENE,No,0.026028324747295228
6412,9079-YEXQJ,No,0.37980789289611727
2708,3855-ONCAR,Yes,0.60028254202901
5124,7208-PSIHR,No,0.11507887976503606
5201,7319-VENRZ,No,0.2808571687690936
2482,3551-GAEGL,No,0.08186267206832477
2484,3552-CTCYF,No,0.1408145959056232
4028,5680-LQOGP,No,0.008440600021538831
6423,9095-HFAFX,Yes,0.6055590797288332
5613,7905-NJMXS,No,0.3356144469072835
4048,5701-ZIKJE,No,0.2593196257396466
2544,3640-PHQXK,Yes,0.5407095988239063
5358,7567-ECMCM,No,0.42029770914896164
5608,7898-PDWQE,No,0.0036814413066618224
1821,2657-VPXTA,Yes,0.6283112984409803
741,1089-HDMKP,No,0.3333349859580651
460,0674-EYYZV,Yes,0.5325776854679861
2604,3717-FDJFU,No,0.026535149945391044
1228,1818-ESQMW,No,0.39764067457950825
6829,9700-ZCLOT,No,0.17753129123777345
1683,2453-SAFNS,No,0.12194804994052647
4976,6997-UVGOX,No,0.013378458642314732
468,0684-AOSIH,Yes,0.6282040206879688
2547,3643-AHCFP,Yes,0.6937972077563316
2433,3486-KHMLI,No,0.06722114426533563
4008,5650-YLIBA,Yes,0.521749105506931
4650,6559-RAKOZ,No,0.29656842960319685
6393,9057-SIHCH,Yes,0.7582986675654975
5137,7233-PAHHL,No,0.039460738816347575
4352,6135-OZQVA,No,0.37124478368829095
3614,5129-HHMZC,No,0.026603182621596787
914,1333-PBMXB,No,0.02276567247395797
6899,9796-MVYXX,No,0.07420091551237483
3600,5110-CHOPY,No,0.09974696487311947
2538,3635-QQRQD,No,0.020205200975210662
244,0374-FIUCA,No,0.02211181422630066
1114,1626-ERCMM,Yes,0.6200567194006222
5087,7145-FEJWU,Yes,0.6081452739443338
3879,5451-YHYPW,No,0.01796137572691287
2564,3668-QPYBK,No,0.36670691785467396
638,0932-YIXYU,No,0.002277683489889519
4819,6777-TGHTM,No,0.22769364313837492
3229,4627-MIHJH,No,0.06400411867911375
5408,7619-PLRLP,No,0.08495500729562057
4594,6479-SZPLM,No,0.0029264130462552866
3144,4512-ZUIYL,Yes,0.6575690034669305
1518,2229-DPMBI,No,0.017309373682808875
111,0196-JTUQI,Yes,0.5331344602846521
3369,4803-AXVYP,Yes,0.5040082942726573
5769,8111-RKSPX,Yes,0.6778502251000623
4236,5977-CKHON,No,0.3790510971310967
6673,9489-UTFKA,No,0.24890957135127
5055,7108-DGVUU,No,0.16917462449591775
6960,9873-MNDKV,No,0.2719425227320585
5869,8250-ZNGGW,No,0.3475021035001899
1983,2868-LLSKM,No,0.0827116337791773
6693,9507-EXLTT,Yes,0.7042215508063198
4042,5697-GOMBF,No,0.3400545772235714
4983,7009-PCARS,No,0.028508097569127505
6366,9025-AOMKI,Yes,0.6789942067141768
569,0839-JTCUD,No,0.02322814772750782
6683,9499-XPZXM,No,0.01131078297435238
134,0225-ZORZP,Yes,0.5583929700148073
6812,9670-BPNXF,No,0.09935981697988008
3296,4702-IOQDC,Yes,0.7668457674914432
6866,9754-CLVZW,No,0.23371439433864447
4728,6656-GULJQ,No,0.011836526966474279
1183,1740-CSDJP,No,0.4782838609506237
6471,9163-GHAYE,No,0.30210154560287344
2728,3884-HCSWG,Yes,0.5486878555640129
5547,7813-TKCVO,No,0.015097449939753285
5548,7813-ZGGAW,No,0.32207127485352266
2226,3186-AJIEK,No,0.10351997999901406
2863,4080-OGPJL,No,0.3258647136293711
922,1338-CECEE,No,0.06969230739874505
6407,9070-BCKQP,No,0.03398571006122284
2131,3061-BCKYI,No,0.13892573306698744
4831,6806-YDEUL,No,0.21014998826644302
5012,7044-YAACC,Yes,0.6901407099414659
2027,2925-MXLSX,No,0.09930202255121903
3408,4829-ZLJTK,No,0.07849891324167127
3846,5399-ZIMKF,Yes,0.6436662145869549
2688,3811-VBYBZ,Yes,0.6949920607651832
1944,2821-WARNZ,No,0.015931773423393067
2208,3162-ZJZFU,No,0.3915576843409537
2001,2887-JPYLU,No,0.1534014591515055
3861,5439-WIKXB,Yes,0.535291784018873
2493,3569-EDBPQ,No,0.40525559487236223
1188,1751-NCDLI,Yes,0.604403312078022
3474,4922-CVPDX,No,0.04269458658423603
2566,3669-OYSJI,No,0.40602518190563686
1119,1635-HDGFT,No,0.011443049750530848
1248,1846-XWOQN,Yes,0.7757388086189444
644,0943-ZQPXH,No,0.37607695242529693
1086,1580-BMCMR,No,0.4619222287563355
2453,3512-IZIKN,No,0.0131749817269668
2105,3021-VLNRJ,No,0.07196098759715841
3305,4710-NKCAW,No,0.2711206976629048
5765,8107-RZLNV,No,0.12517920242826952
6144,8707-HOEDG,No,0.10881220927841388
6391,9055-MOJJJ,No,0.04183763077442098
3027,4328-VUFWD,No,0.1152276181568279
3085,4423-JWZJN,No,0.1366553643159884
3443,4881-JVQOD,No,0.3242657612122062
892,1302-TPUBN,No,0.01597599145873156
843,1226-IENZN,Yes,0.634052284789816
6795,9643-YBLUR,No,0.2942838519587432
6685,9500-LTVBP,No,0.28536965950699655
3605,5118-MUEYH,No,0.3189954083808854
5648,7964-YESJC,No,0.13396433995557858
751,1095-WGNGG,No,0.16201730150536278
438,0640-YJTPY,No,0.001775330792377112
4422,6234-PFPXL,No,0.26816416692642614
6390,9054-FOWNV,Yes,0.5382422672581739
7039,9992-RRAMN,Yes,0.5795680808573593
3156,4526-RMTLL,No,0.06562919802767546
3610,5124-EOGYE,No,0.01947623290809597
6014,8496-DMZUK,No,0.13613661621612125
2553,3649-JPUGY,No,0.020402356924214275
2996,4291-HYEBC,No,0.21372639830380444
5539,7799-LGRDP,No,0.02673454726242765
204,0320-DWVTU,No,0.0821877959202537
1976,2860-RANUS,Yes,0.5299370710092611
505,0739-UUAJR,No,0.019719016273493692
5018,7054-ENNGU,No,0.17425152821104972
4681,6603-QWSPR,No,0.1430355928927549
6562,9327-QSDED,No,0.24410817620954822
7019,9959-WOFKT,No,0.0661190017496363
743,1090-ESELR,No,0.04392007993633182
977,1414-YADCW,No,0.03697152959488403
5958,8400-WZICQ,No,0.1632536346420688
4372,6168-WFVVF,Yes,0.70670969080283
362,0531-ZZJWQ,Yes,0.5123321141137004
4232,5970-GHJAW,No,0.004407894527736767
4123,5832-TRLPB,No,0.1522103508631678
629,0925-VYDLG,Yes,0.6632860291274235
5479,7711-YIJWC,No,0.09140641163857742
4786,6729-GDNGC,No,0.41782121508544934
6251,8847-GEOOQ,No,0.21551440758605384
4547,6408-WHTEF,No,0.007307170349360919
1423,2096-XOTMO,No,0.09542391039794035
2256,3223-WZWJM,Yes,0.5901158967547037
5693,8020-BWHYL,Yes,0.5310962661924626
2739,3896-ZVNET,No,0.012728317003488254
6539,9282-IZGQK,Yes,0.7930710908063255
5576,7853-WNZSY,No,0.24076337810597764
2458,3521-HTQTV,No,0.01044620119775975
1325,1971-DTCZB,No,0.005616550118164052
6619,9405-GPBBG,No,0.0789572459715124
1389,2055-SIFSS,No,0.17590765332165137
6156,8720-RQSBJ,Yes,0.6188649067451177
6868,9758-MFWGD,No,0.14222428470950194
2809,3999-QGRJH,Yes,0.6483957758119686
5406,7617-EYGLW,No,0.23582384873450699
1551,2263-SFSQZ,No,0.03154412811395395
6511,9237-HQITU,Yes,0.7048234958490929
5597,7878-RTCZG,No,0.2982401435059536
4548,6410-LEFEN,No,0.37375842111972785
6236,8818-XYFCQ,No,0.398879588288038
692,1024-GUALD,Yes,0.6013897353045227
3132,4489-SNOJF,No,0.20554605746134516
6973,9895-VFOXH,No,0.4543012041674993
4251,5993-JSUWV,No,0.018225193246362414
2554,3653-NCRDJ,No,0.027251095108795653
725,1069-XAIEM,Yes,0.8064019202323753
4508,6353-BRMMA,No,0.3512901926438277
631,0927-LCSMG,No,0.49542770044173357
